,tree_idx,sen,treebank,deprel_order,sent_id,core_args,head_Number,head_Person,head_Tense,head_VerbForm,head_child-deprel_advcl,head_child-deprel_advmod,head_child-deprel_amod,head_child-deprel_aux,head_child-deprel_cc,head_child-deprel_compound:prt,head_child-deprel_conj,head_child-deprel_expl:pv,head_child-deprel_mark,head_child-deprel_obj,head_child-deprel_obl,head_child-deprel_obl:arg,head_child-deprel_punct,head_child-deprel_xcomp,head_child-feat_advcl_VerbForm,head_child-feat_advmod_PronType,head_child-feat_aux_Number,head_child-feat_aux_Person,head_child-feat_aux_Tense,head_child-feat_obj_Case,head_child-feat_obj_Gender,head_child-feat_obj_Number,head_child-feat_obj_PronType,head_child-feat_obl:arg_Gender,head_child-feat_obl_Case,head_child-feat_obl_Gender,head_child-feat_obl_Number,head_child-lemma_advcl,head_child-lemma_advmod,head_child-lemma_amod,head_child-lemma_aux,head_child-lemma_cc,head_child-lemma_compound:prt,head_child-lemma_conj,head_child-lemma_expl:pv,head_child-lemma_mark,head_child-lemma_obj,head_child-lemma_obl,head_child-lemma_obl:arg,head_child-lemma_punct,head_child-lemma_xcomp,head_child-pos_ADJ,head_child-pos_ADP,head_child-pos_ADV,head_child-pos_AUX,head_child-pos_CCONJ,head_child-pos_NOUN,head_child-pos_NUM,head_child-pos_PRON,head_child-pos_PROPN,head_child-pos_PUNCT,head_child-pos_SCONJ,head_child-pos_VERB,head_deprel,head_dir,head_form,head_grandhead_deprel,head_head_deprel,head_head_pos,head_idx,head_lemma,head_sibling-deprel-L_advmod,head_sibling-deprel-L_amod,head_sibling-deprel-L_aux,head_sibling-deprel-L_aux:pass,head_sibling-deprel-L_case,head_sibling-deprel-L_det,head_sibling-deprel-L_det:poss,head_sibling-deprel-L_mark,head_sibling-deprel-L_nsubj:pass,head_sibling-deprel-L_obj,head_sibling-deprel-L_obl,head_sibling-deprel-L_obl:agent,head_sibling-deprel-L_punct,head_sibling-deprel-R_advmod,head_sibling-deprel-R_appos,head_sibling-deprel-R_aux:pass,head_sibling-deprel-R_expl:pv,head_sibling-deprel-R_flat,head_sibling-deprel-R_nmod,head_sibling-deprel-R_obj,head_sibling-deprel-R_obl,head_sibling-deprel-R_obl:arg,head_sibling-deprel-R_punct,head_sibling-deprel_advmod,head_sibling-deprel_amod,head_sibling-deprel_appos,head_sibling-deprel_aux,head_sibling-deprel_aux:pass,head_sibling-deprel_case,head_sibling-deprel_det,head_sibling-deprel_det:poss,head_sibling-deprel_expl:pv,head_sibling-deprel_flat,head_sibling-deprel_mark,head_sibling-deprel_nmod,head_sibling-deprel_nsubj:pass,head_sibling-deprel_obj,head_sibling-deprel_obl,head_sibling-deprel_obl:agent,head_sibling-deprel_obl:arg,head_sibling-deprel_punct,head_sibling-feat_amod_Case,head_sibling-feat_aux:pass_VerbForm,head_sibling-feat_det_Case,head_sibling-feat_det_Gender,head_sibling-feat_det_Number,head_sibling-feat_det_PronType,head_sibling-feat_nsubj:pass_Gender,head_sibling-feat_obj_Gender,head_sibling-feat_obj_Person,head_sibling-feat_obl_Case,head_sibling-feat_obl_Gender,head_sibling-lemma_advmod,head_sibling-lemma_amod,head_sibling-lemma_appos,head_sibling-lemma_aux,head_sibling-lemma_aux:pass,head_sibling-lemma_case,head_sibling-lemma_det,head_sibling-lemma_det:poss,head_sibling-lemma_expl:pv,head_sibling-lemma_flat,head_sibling-lemma_mark,head_sibling-lemma_nmod,head_sibling-lemma_nsubj:pass,head_sibling-lemma_obj,head_sibling-lemma_obl,head_sibling-lemma_obl:agent,head_sibling-lemma_obl:arg,head_sibling-lemma_punct,head_sibling-pos_ADJ,head_sibling-pos_ADP,head_sibling-pos_ADV,head_sibling-pos_AUX,head_sibling-pos_DET,head_sibling-pos_NOUN,head_sibling-pos_PRON,head_sibling-pos_PROPN,head_sibling-pos_PUNCT,head_sibling-pos_SCONJ,head_under_acl,head_under_acl:relcl,head_under_advcl,head_under_appos,head_under_ccomp,head_under_compound,head_under_conj,head_under_nmod,head_under_nsubj,head_under_obj,head_under_obl,head_under_xcomp,nsubj_Case,nsubj_Gender,nsubj_Number,nsubj_Person,nsubj_PronType,nsubj_child-deprel_acl:relcl,nsubj_child-deprel_advmod,nsubj_child-deprel_amod,nsubj_child-deprel_appos,nsubj_child-deprel_compound,nsubj_child-deprel_conj,nsubj_child-deprel_det,nsubj_child-deprel_nmod,nsubj_child-deprel_nummod,nsubj_child-deprel_punct,nsubj_child-feat_acl:relcl_VerbForm,nsubj_child-feat_amod_Case,nsubj_child-feat_amod_Gender,nsubj_child-feat_amod_Number,nsubj_child-feat_det_Case,nsubj_child-feat_det_Gender,nsubj_child-feat_det_Number,nsubj_child-feat_det_PronType,nsubj_child-feat_nmod_Number,nsubj_child-lemma_acl:relcl,nsubj_child-lemma_advmod,nsubj_child-lemma_amod,nsubj_child-lemma_appos,nsubj_child-lemma_compound,nsubj_child-lemma_conj,nsubj_child-lemma_det,nsubj_child-lemma_nmod,nsubj_child-lemma_nummod,nsubj_child-lemma_punct,nsubj_child-pos_ADJ,nsubj_child-pos_ADV,nsubj_child-pos_DET,nsubj_child-pos_NOUN,nsubj_child-pos_NUM,nsubj_child-pos_PROPN,nsubj_child-pos_PUNCT,nsubj_child-pos_VERB,nsubj_dir,nsubj_form,nsubj_grandhead_deprel,nsubj_head_deprel,nsubj_idx,nsubj_lemma,nsubj_pos,nsubj_sibling-deprel-L_advmod,nsubj_sibling-deprel-L_aux,nsubj_sibling-deprel-L_cc,nsubj_sibling-deprel-L_mark,nsubj_sibling-deprel-L_obj,nsubj_sibling-deprel-L_obl,nsubj_sibling-deprel-L_obl:arg,nsubj_sibling-deprel-L_punct,nsubj_sibling-deprel-L_xcomp,nsubj_sibling-deprel-R_advcl,nsubj_sibling-deprel-R_advmod,nsubj_sibling-deprel-R_amod,nsubj_sibling-deprel-R_aux,nsubj_sibling-deprel-R_cc,nsubj_sibling-deprel-R_compound:prt,nsubj_sibling-deprel-R_conj,nsubj_sibling-deprel-R_expl:pv,nsubj_sibling-deprel-R_obj,nsubj_sibling-deprel-R_obl,nsubj_sibling-deprel-R_obl:arg,nsubj_sibling-deprel-R_punct,nsubj_sibling-deprel-R_xcomp,nsubj_sibling-deprel_advcl,nsubj_sibling-deprel_advmod,nsubj_sibling-deprel_amod,nsubj_sibling-deprel_aux,nsubj_sibling-deprel_cc,nsubj_sibling-deprel_compound:prt,nsubj_sibling-deprel_conj,nsubj_sibling-deprel_expl:pv,nsubj_sibling-deprel_mark,nsubj_sibling-deprel_obj,nsubj_sibling-deprel_obl,nsubj_sibling-deprel_obl:arg,nsubj_sibling-deprel_punct,nsubj_sibling-deprel_xcomp,nsubj_sibling-feat_advcl_VerbForm,nsubj_sibling-feat_advmod_PronType,nsubj_sibling-feat_aux_Number,nsubj_sibling-feat_aux_Person,nsubj_sibling-feat_aux_Tense,nsubj_sibling-feat_obj_Case,nsubj_sibling-feat_obj_Gender,nsubj_sibling-feat_obj_Number,nsubj_sibling-feat_obj_PronType,nsubj_sibling-feat_obl:arg_Gender,nsubj_sibling-feat_obl_Case,nsubj_sibling-feat_obl_Gender,nsubj_sibling-feat_obl_Number,nsubj_sibling-lemma_advcl,nsubj_sibling-lemma_advmod,nsubj_sibling-lemma_amod,nsubj_sibling-lemma_aux,nsubj_sibling-lemma_cc,nsubj_sibling-lemma_compound:prt,nsubj_sibling-lemma_conj,nsubj_sibling-lemma_expl:pv,nsubj_sibling-lemma_mark,nsubj_sibling-lemma_obj,nsubj_sibling-lemma_obl,nsubj_sibling-lemma_obl:arg,nsubj_sibling-lemma_punct,nsubj_sibling-lemma_xcomp,nsubj_sibling-pos_ADJ,nsubj_sibling-pos_ADP,nsubj_sibling-pos_ADV,nsubj_sibling-pos_AUX,nsubj_sibling-pos_CCONJ,nsubj_sibling-pos_NOUN,nsubj_sibling-pos_NUM,nsubj_sibling-pos_PRON,nsubj_sibling-pos_PROPN,nsubj_sibling-pos_PUNCT,nsubj_sibling-pos_SCONJ,nsubj_sibling-pos_VERB,nsubj_under_acl,nsubj_under_acl:relcl,nsubj_under_advcl,nsubj_under_appos,nsubj_under_ccomp,nsubj_under_compound,nsubj_under_conj,nsubj_under_nmod,nsubj_under_obj,nsubj_under_obl,nsubj_under_xcomp,object_idx,subject_idx,verb_idx
0,1,"['Der', 'Vertrag', 'läuft', 'offiziell', 'bis', 'zu', 'dem', '31.', 'Dezember', '1992', '.']",UD_German-GSD,sV,train-s1871,sv,Sing,3,Pres,Fin,False,True,False,False,False,False,False,False,False,False,True,False,True,False,,,,,,,,,,,Nom,Masc,Sing,None,offiziell,None,None,None,None,None,None,None,None,Dezember,None,.,None,True,False,False,False,False,True,False,False,False,True,False,False,root,,läuft,,,,3,laufen,,,,,,,,,,,,,,,,,,,,,,,,,,,,,,,,,,,,,,,,,,,,,,,,,,,,,,,,,,,,,,,,,,,,,,,,,,,,,,,,,False,False,False,False,False,False,False,False,False,False,False,False,Nom,Masc,Sing,,,False,False,False,False,False,False,True,False,False,False,,,,,Nom,Masc,Sing,Art,,None,None,None,None,None,None,der,None,None,None,False,False,True,False,False,False,False,False,0,Vertrag,,root,2,Vertrag,NOUN,False,False,False,False,False,False,False,False,False,False,True,False,False,False,False,False,False,False,True,False,True,False,False,True,False,False,False,False,False,False,False,False,True,False,True,False,,,,,,,,,,,Nom,Masc,Sing,None,offiziell,None,None,None,None,None,None,None,None,Dezember,None,.,None,True,False,False,False,False,True,False,False,False,True,False,False,False,False,False,False,False,False,False,False,False,False,False,,2.0,3.0
1,2,"['Zu', 'dem', 'Schluß', 'gibt', 'es', 'sogar', 'noch', 'typische', 'chinesische', 'Kitschgeschenke', '.']",UD_German-GSD,Vs,train-s419,vso,Sing,3,Pres,Fin,False,True,False,False,False,False,False,False,False,True,True,False,True,False,,,,,,Acc,Neut,Plur,,,Dat,Masc,Sing,None,sogar,None,None,None,None,None,None,None,Kitschgeschenke,Schluß,None,.,None,False,False,True,False,False,True,False,True,False,True,False,False,root,,gibt,,,,4,geben,,,,,,,,,,,,,,,,,,,,,,,,,,,,,,,,,,,,,,,,,,,,,,,,,,,,,,,,,,,,,,,,,,,,,,,,,,,,,,,,,False,False,False,False,False,False,False,False,False,False,False,False,Nom,Neut,Sing,3,Prs,False,False,False,False,False,False,False,False,False,False,,,,,,,,,,None,None,None,None,None,None,None,None,None,None,False,False,False,False,False,False,False,False,1,es,,root,5,es,PRON,False,False,False,False,False,True,False,False,False,False,True,False,False,False,False,False,False,True,False,False,True,False,False,True,False,False,False,False,False,False,False,True,True,False,True,False,,,,,,Acc,Neut,Plur,,,Dat,Masc,Sing,None,sogar,None,None,None,None,None,None,None,Kitschgeschenke,Schluß,None,.,None,False,False,True,False,False,True,False,True,False,True,False,False,False,False,False,False,False,False,False,False,False,False,False,10.0,5.0,4.0
2,5,"['Ebenso', 'mit', 'in', 'das', 'Grab', 'nahm', 'sie', 'ihr', 'wahres', 'Geburtsdatum', ',', 'das', 'sie', 'niemals', 'preisgegeben', 'hatte', '.']",UD_German-GSD,Vs,train-s4194,vso,Sing,3,Past,Fin,False,False,False,False,False,False,False,False,False,True,True,False,True,False,,,,,,Acc,Neut,Sing,,,Acc,Neut,Sing,None,None,None,None,None,None,None,None,None,Geburtsdaten,Grab,None,.,None,False,False,False,False,False,True,False,True,False,True,False,False,root,,nahm,,,,6,nehmen,,,,,,,,,,,,,,,,,,,,,,,,,,,,,,,,,,,,,,,,,,,,,,,,,,,,,,,,,,,,,,,,,,,,,,,,,,,,,,,,,False,False,False,False,False,False,False,False,False,False,False,False,Nom,Fem,Sing,3,Prs,False,False,False,False,False,False,False,False,False,False,,,,,,,,,,None,None,None,None,None,None,None,None,None,None,False,False,False,False,False,False,False,False,1,sie,,root,7,sie,PRON,False,False,False,False,False,True,False,False,False,False,False,False,False,False,False,False,False,True,False,False,True,False,False,False,False,False,False,False,False,False,False,True,True,False,True,False,,,,,,Acc,Neut,Sing,,,Acc,Neut,Sing,None,None,None,None,None,None,None,None,None,Geburtsdaten,Grab,None,.,None,False,False,False,False,False,True,False,True,False,True,False,False,False,False,False,False,False,False,False,False,False,False,False,10.0,7.0,6.0
3,5,"['Ebenso', 'mit', 'in', 'das', 'Grab', 'nahm', 'sie', 'ihr', 'wahres', 'Geburtsdatum', ',', 'das', 'sie', 'niemals', 'preisgegeben', 'hatte', '.']",UD_German-GSD,sV,train-s4194,vso,,,,Part,False,True,False,True,False,False,False,False,False,True,False,False,True,False,,,Sing,3,Past,Acc,Neut,Sing,"Dem,Rel",,,,,None,niemals,None,haben,None,None,None,None,None,der,None,None,",",None,False,False,True,True,False,False,False,True,False,True,False,False,acl:relcl,1.0,preisgegeben,root,obj,NOUN,15,preisgeben,False,True,False,False,False,False,True,False,False,False,False,False,False,False,False,False,False,False,False,False,False,False,False,False,True,False,False,False,False,False,True,False,False,False,False,False,False,False,False,False,False,Acc,,,,,,,,,,,None,wahr,None,None,None,None,None,ihr,None,None,None,None,None,None,None,None,None,None,True,False,False,False,True,False,False,False,False,False,False,True,False,False,False,False,False,False,False,True,False,False,Nom,Fem,Sing,3,Prs,False,False,False,False,False,False,False,False,False,False,,,,,,,,,,None,None,None,None,None,None,None,None,None,None,False,False,False,False,False,False,False,False,0,sie,obj,acl:relcl,13,sie,PRON,True,False,False,False,True,False,False,True,False,False,False,False,True,False,False,False,False,False,False,False,False,False,False,True,False,True,False,False,False,False,False,True,False,False,True,False,,,Sing,3,Past,Acc,Neut,Sing,"Dem,Rel",,,,,None,niemals,None,haben,None,None,None,None,None,der,None,None,",",None,False,False,True,True,False,False,False,True,False,True,False,False,False,True,False,False,False,False,False,False,True,False,False,10.0,7.0,6.0
4,8,"['Der', 'Photoschutz', '-', 'Mechanismus', 'der', 'DNA', 'hat', 'sich', 'bereits', 'vor', 'vielen', 'Millionen', 'Jahren', 'evolutionär', 'entwickelt', '.']",UD_German-GSD,sV,train-s13063,sov,,,,Part,False,True,False,True,False,False,False,False,False,True,False,False,True,False,,,Sing,3,Pres,Acc,,,Prs,,,,,None,bereits,None,haben,None,None,None,None,None,sich,None,None,.,None,True,False,True,True,False,True,False,True,False,True,False,False,root,,entwickelt,,,,15,entwickeln,,,,,,,,,,,,,,,,,,,,,,,,,,,,,,,,,,,,,,,,,,,,,,,,,,,,,,,,,,,,,,,,,,,,,,,,,,,,,,,,,False,False,False,False,False,False,False,False,False,False,False,False,Nom,Masc,Sing,,,False,False,False,False,True,False,True,True,False,False,,,,,Nom,Masc,Sing,Art,Sing,None,None,None,None,Photoschutz,None,der,DNA,None,None,False,False,True,True,False,False,False,False,0,Mechanismus,,root,4,Mechanismus,NOUN,True,True,False,False,True,False,False,False,False,False,False,False,False,False,False,False,False,False,False,False,True,False,False,True,False,True,False,False,False,False,False,True,False,False,True,False,,,Sing,3,Pres,Acc,,,Prs,,,,,None,bereits,None,haben,None,None,None,None,None,sich,None,None,.,None,True,False,True,True,False,True,False,True,False,True,False,False,False,False,False,False,False,False,False,False,False,False,False,8.0,4.0,15.0
5,9,"['CDU', '-', 'Fraktionschef', 'Roland', 'Koch', ',', 'der', 'anders', 'als', 'die', 'FDP', 'bisher', 'nur', 'Wohnungsbaugesellschaften', 'und', 'Messe', 'privatisieren', 'wollte', ',', 'deutete', 'jetzt', 'auch', 'einen', 'Meinungswandel', 'der', 'Union', 'zu', 'dem', 'Flughafen', 'an', ':']",UD_German-GSD,sV,train-s1725,svo,Sing,3,Past,Fin,False,True,False,False,False,True,False,False,False,True,False,False,True,False,,,,,,Acc,Masc,Sing,,,,,,None,jetzt,None,None,None,an,None,None,None,Meinungswandel,None,None,:,None,False,True,True,False,False,True,False,False,False,True,False,False,root,,deutete,,,,20,deuten,,,,,,,,,,,,,,,,,,,,,,,,,,,,,,,,,,,,,,,,,,,,,,,,,,,,,,,,,,,,,,,,,,,,,,,,,,,,,,,,,False,False,False,False,False,False,False,False,False,False,False,False,Nom,Masc,Sing,,,False,False,False,False,True,False,False,False,False,True,,,,,,,,,,None,None,None,None,CDU,None,None,None,None,",",False,False,False,True,False,False,True,False,0,Fraktionschef,,root,3,Fraktionschef,NOUN,False,False,False,False,False,False,False,False,False,False,True,False,False,False,True,False,False,True,False,False,True,False,False,True,False,False,False,True,False,False,False,True,False,False,True,False,,,,,,Acc,Masc,Sing,,,,,,None,jetzt,None,None,None,an,None,None,None,Meinungswandel,None,None,:,None,False,True,True,False,False,True,False,False,False,True,False,False,False,False,False,False,False,False,False,False,False,False,False,24.0,3.0,20.0
6,9,"['CDU', '-', 'Fraktionschef', 'Roland', 'Koch', ',', 'der', 'anders', 'als', 'die', 'FDP', 'bisher', 'nur', 'Wohnungsbaugesellschaften', 'und', 'Messe', 'privatisieren', 'wollte', ',', 'deutete', 'jetzt', 'auch', 'einen', 'Meinungswandel', 'der', 'Union', 'zu', 'dem', 'Flughafen', 'an', ':']",UD_German-GSD,sV,train-s1725,svo,,,,Inf,False,True,False,True,False,False,False,False,False,True,False,False,True,False,,,Sing,3,Past,Acc,Fem,Plur,,,,,,None,anders,None,wollen,None,None,None,None,None,Wohnungsbaugesellschaft,None,None,",",None,False,False,True,True,False,True,False,True,False,True,False,False,acl:relcl,1.0,privatisieren,nsubj,compound,NOUN,17,privatisieren,False,False,False,False,False,False,False,False,False,False,False,False,False,False,True,False,False,False,False,False,False,False,True,False,False,True,False,False,False,False,False,False,False,False,False,False,False,False,False,False,True,,,,,,,,,,,,None,None,Roland,None,None,None,None,None,None,None,None,None,None,None,None,None,None,-,False,False,False,False,False,False,False,True,True,False,False,True,False,False,False,True,False,False,True,False,False,False,Nom,Masc,Sing,,"Dem,Rel",False,False,False,False,False,False,False,False,False,False,,,,,,,,,,None,None,None,None,None,None,None,None,None,None,False,False,False,False,False,False,False,False,0,der,compound,acl:relcl,7,der,PRON,True,False,False,False,True,False,False,True,False,False,False,False,True,False,False,False,False,False,False,False,False,False,False,True,False,True,False,False,False,False,False,True,False,False,True,False,,,Sing,3,Past,Acc,Fem,Plur,,,,,,None,anders,None,wollen,None,None,None,None,None,Wohnungsbaugesellschaft,None,None,",",None,False,False,True,True,False,True,False,True,False,True,False,False,False,True,False,False,False,True,False,False,False,False,False,24.0,3.0,20.0
7,11,"['Sie', 'näherten', 'sich', 'dabei', 'dem', 'irrationalen', 'Zahlenwert', 'von', 'Wurzel', 'Zwei', 'in', 'ganz', 'und', 'gar', 'vergleichbarer', 'Weise', ',', 'genau', 'so', ',', 'wie', 'wir', 'es', 'heute', 'auch', 'noch', 'tun', ',', 'wenn', 'wir', 'Wurzel', 'Zwei', 'als', 'gerundeten', 'Wert', 'in', 'einem', 'Dezimalbruch', 'angeben', ':', '1', '+', '(', '4142/10.000', ')', 'oder', '1', '+', '(', '414', '213', '562', '/', '1000000000', ')', '.']",UD_German-GSD,sV,train-s13138,sv,Plur,3,Past,Fin,True,True,False,False,False,False,False,True,False,False,True,True,True,False,Inf,,,,,,,,,Masc,Dat,Fem,Sing,tun,dabei,None,None,None,None,None,sich,None,None,Weise,Zahlenwert,.,None,False,False,True,False,False,True,False,True,False,True,False,True,root,,näherten,,,,2,nähern,,,,,,,,,,,,,,,,,,,,,,,,,,,,,,,,,,,,,,,,,,,,,,,,,,,,,,,,,,,,,,,,,,,,,,,,,,,,,,,,,False,False,False,False,False,False,False,False,False,False,False,False,Nom,,Plur,3,Prs,False,False,False,False,False,False,False,False,False,False,,,,,,,,,,None,None,None,None,None,None,None,None,None,None,False,False,False,False,False,False,False,False,0,Sie,,root,1,sie,PRON,False,False,False,False,False,False,False,False,False,True,True,False,False,False,False,False,True,False,True,True,True,False,True,True,False,False,False,False,False,True,False,False,True,True,True,False,Inf,,,,,,,,,Masc,Dat,Fem,Sing,tun,dabei,None,None,None,None,None,sich,None,None,Weise,Zahlenwert,.,None,False,False,True,False,False,True,False,True,False,True,False,True,False,False,False,False,False,False,False,False,False,False,False,,1.0,2.0
8,11,"['Sie', 'näherten', 'sich', 'dabei', 'dem', 'irrationalen', 'Zahlenwert', 'von', 'Wurzel', 'Zwei', 'in', 'ganz', 'und', 'gar', 'vergleichbarer', 'Weise', ',', 'genau', 'so', ',', 'wie', 'wir', 'es', 'heute', 'auch', 'noch', 'tun', ',', 'wenn', 'wir', 'Wurzel', 'Zwei', 'als', 'gerundeten', 'Wert', 'in', 'einem', 'Dezimalbruch', 'angeben', ':', '1', '+', '(', '4142/10.000', ')', 'oder', '1', '+', '(', '414', '213', '562', '/', '1000000000', ')', '.']",UD_German-GSD,sV,train-s13138,sv,,,,Inf,True,True,False,False,False,False,False,False,True,True,False,False,True,False,Part,,,,,Acc,Neut,Sing,Prs,,,,,angeben,so,None,None,None,None,None,None,wie,es,None,None,",",None,False,False,True,False,False,False,False,True,False,True,True,True,advcl,1.0,tun,,root,VERB,27,tun,False,False,False,False,False,False,False,False,False,False,False,False,False,True,False,False,True,False,False,False,True,True,True,True,False,False,False,False,False,False,False,True,False,False,False,False,False,True,False,True,True,,,,,,,,,,Dat,Fem,dabei,None,None,None,None,None,None,None,sich,None,None,None,None,None,Weise,None,Zahlenwert,.,False,False,True,False,False,True,True,False,True,False,False,False,True,False,False,False,False,False,False,False,False,False,Nom,,Plur,1,Prs,False,False,False,False,False,False,False,False,False,False,,,,,,,,,,None,None,None,None,None,None,None,None,None,None,False,False,False,False,False,False,False,False,0,wir,root,advcl,22,wir,PRON,True,False,False,True,True,False,False,True,False,True,False,False,False,False,False,False,False,False,False,False,False,False,True,True,False,False,False,False,False,False,True,True,False,False,True,False,Part,,,,,Acc,Neut,Sing,Prs,,,,,angeben,so,None,None,None,None,None,None,wie,es,None,None,",",None,False,False,True,False,False,False,False,True,False,True,True,True,False,False,True,False,False,False,False,False,False,False,False,,1.0,2.0
9,11,"['Sie', 'näherten', 'sich', 'dabei', 'dem', 'irrationalen', 'Zahlenwert', 'von', 'Wurzel', 'Zwei', 'in', 'ganz', 'und', 'gar', 'vergleichbarer', 'Weise', ',', 'genau', 'so', ',', 'wie', 'wir', 'es', 'heute', 'auch', 'noch', 'tun', ',', 'wenn', 'wir', 'Wurzel', 'Zwei', 'als', 'gerundeten', 'Wert', 'in', 'einem', 'Dezimalbruch', 'angeben', ':', '1', '+', '(', '4142/10.000', ')', 'oder', '1', '+', '(', '414', '213', '562', '/', '1000000000', ')', '.']",UD_German-GSD,sV,train-s13138,sv,,,,Part,False,False,False,False,False,False,False,False,True,True,True,False,True,False,,,,,,Nom,Neut,Sing,,,Dat,Masc,Sing,None,None,None,None,None,None,None,None,wenn,Wurzel,Wert,None,",",None,False,False,False,False,False,True,False,True,False,True,True,False,advcl,1.0,angeben,root,advcl,VERB,39,angeben,True,False,False,False,False,False,False,True,False,True,False,False,True,False,False,False,False,False,False,False,False,False,False,True,False,False,False,False,False,False,False,False,False,True,False,False,True,False,False,False,True,,,,,,,,Neut,3,,,so,None,None,None,None,None,None,None,None,None,wie,None,None,es,None,None,None,",",False,False,True,False,False,False,True,False,True,True,False,False,True,False,False,False,False,False,False,False,False,False,Nom,,Plur,1,Prs,False,False,False,False,False,False,False,False,False,False,,,,,,,,,,None,None,None,None,None,None,None,None,None,None,False,False,False,False,False,False,False,False,0,wir,advcl,advcl,30,wir,PRON,False,False,False,True,True,True,False,True,False,False,False,False,False,False,False,False,False,False,False,False,False,False,False,False,False,False,False,False,False,False,True,True,True,False,True,False,,,,,,Nom,Neut,Sing,,,Dat,Masc,Sing,None,None,None,None,None,None,None,None,wenn,Wurzel,Wert,None,",",None,False,False,False,False,False,True,False,True,False,True,True,False,False,False,True,False,False,False,False,False,False,False,False,,1.0,2.0
10,12,"['Drei', 'afrikanische', 'Asylbewerber', ',', 'die', 'in', 'der', 'Nacht', 'zu', 'dem', 'Sonntag', 'in', 'dem', 'ostsächsischen', 'Zittau', 'nach', 'einer', 'Messerstecherei', 'festgenommen', 'worden', 'waren', ',', 'haben', 'offenbar', 'in', 'Notwehr', 'gehandelt', '.']",UD_German-GSD,sV,test-s803,sv,,,,Part,False,True,False,True,False,False,False,False,False,False,True,False,True,False,,,Plur,3,Pres,,,,,,Dat,Fem,Sing,None,offenbar,None,haben,None,None,None,None,None,None,Notwehr,None,.,None,True,False,False,True,False,True,False,False,False,True,False,False,root,,gehandelt,,,,27,handeln,,,,,,,,,,,,,,,,,,,,,,,,,,,,,,,,,,,,,,,,,,,,,,,,,,,,,,,,,,,,,,,,,,,,,,,,,,,,,,,,,False,False,False,False,False,False,False,False,False,False,False,False,Nom,Masc,Plur,,,True,False,True,False,False,False,False,False,True,True,Part,Nom,Masc,Plur,,,,,,festnehmen,None,afrikanisch,None,None,None,None,None,drei,",",True,False,False,False,True,False,True,True,0,Asylbewerber,,root,3,Asylbewerber,NOUN,True,True,False,False,False,True,False,False,False,False,False,False,False,False,False,False,False,False,False,False,True,False,False,True,False,True,False,False,False,False,False,False,True,False,True,False,,,Plur,3,Pres,,,,,,Dat,Fem,Sing,None,offenbar,None,haben,None,None,None,None,None,None,Notwehr,None,.,None,True,False,False,True,False,True,False,False,False,True,False,False,False,False,False,False,False,False,False,False,False,False,False,,3.0,27.0
11,14,"['So', 'mussten', 'wir', 'Abends', 'in', 'das', 'Strandrestaurant', 'ausweichen', '.']",UD_German-GSD,sV,train-s1466,sv,,,,Inf,False,True,False,True,False,False,False,False,False,False,True,False,True,False,,,Plur,1,Past,,,,,,Acc,Neut,Sing,None,so,None,müssen,None,None,None,None,None,None,Strandrestaurant,None,.,None,False,False,True,True,False,True,False,True,False,True,False,False,root,,ausweichen,,,,8,ausweichen,,,,,,,,,,,,,,,,,,,,,,,,,,,,,,,,,,,,,,,,,,,,,,,,,,,,,,,,,,,,,,,,,,,,,,,,,,,,,,,,,False,False,False,False,False,False,False,False,False,False,False,False,Nom,,Plur,1,Prs,False,False,False,False,False,False,False,False,False,False,,,,,,,,,,None,None,None,None,None,None,None,None,None,None,False,False,False,False,False,False,False,False,0,wir,,root,3,wir,PRON,True,True,False,False,False,True,False,False,False,False,False,False,False,False,False,False,False,False,False,False,True,False,False,True,False,True,False,False,False,False,False,False,True,False,True,False,,,Plur,1,Past,,,,,,Acc,Neut,Sing,None,so,None,müssen,None,None,None,None,None,None,Strandrestaurant,None,.,None,False,False,True,True,False,True,False,True,False,True,False,False,False,False,False,False,False,False,False,False,False,False,False,,3.0,8.0
12,15,"['1419-1439', 'hatten', 'sie', 'das', 'Dorf', 'Mauchenheim', 'von', 'dem', 'Pfalzgrafen', 'Ludwig', 'III', 'als', 'Lehen', '.']",UD_German-GSD,Vs,train-s10524,vso,Plur,3,Past,Fin,False,False,False,False,False,False,False,False,False,True,True,False,True,False,,,,,,Acc,Neut,Sing,,,Nom,Neut,Sing,None,None,None,None,None,None,None,None,None,Dorf,1419-1439,None,.,None,False,False,False,False,False,True,True,True,False,True,False,False,root,,hatten,,,,2,haben,,,,,,,,,,,,,,,,,,,,,,,,,,,,,,,,,,,,,,,,,,,,,,,,,,,,,,,,,,,,,,,,,,,,,,,,,,,,,,,,,False,False,False,False,False,False,False,False,False,False,False,False,Nom,,Plur,3,Prs,False,False,False,False,False,False,False,False,False,False,,,,,,,,,,None,None,None,None,None,None,None,None,None,None,False,False,False,False,False,False,False,False,1,sie,,root,3,sie,PRON,False,False,False,False,False,True,False,False,False,False,False,False,False,False,False,False,False,True,True,False,True,False,False,False,False,False,False,False,False,False,False,True,True,False,True,False,,,,,,Acc,Neut,Sing,,,Nom,Neut,Sing,None,None,None,None,None,None,None,None,None,Dorf,1419-1439,None,.,None,False,False,False,False,False,True,True,True,False,True,False,False,False,False,False,False,False,False,False,False,False,False,False,5.0,3.0,2.0
13,16,"['Anlass', 'für', 'Al', 'haSchechitah', ',', '""', 'Auf', 'der', 'Schlachtbank', '""', ',', 'worin', 'er', 'den', 'Himmel', 'aufruft', ',', 'entweder', 'sofort', 'Gerechtigkeit', 'zu', 'üben', 'oder', 'die', 'Welt', 'zu', 'zerstören', ',', 'denn', 'Vergeltung', 'allein', 'sei', 'nicht', 'genug', ',', 'sowie', 'Be', '-', 'Ir', 'ha', '-', 'Haregah', ',', '""', 'In', 'der', 'Stadt', 'des', 'Tötens', '""', ',', 'waren', 'die', 'Pogrome', 'in', 'Kischinew', 'zwischen', '1903', 'und', '1906', '.']",UD_German-GSD,sV,train-s7564,sv,Sing,3,Pres,Fin,False,True,False,False,False,False,True,False,False,True,False,False,False,False,,Int,,,,Acc,Masc,Sing,,,,,,None,worin,None,None,None,None,üben,None,None,Himmel,None,None,None,None,False,False,True,False,False,True,False,True,False,False,False,True,acl,1.0,aufruft,nsubj,nmod,PROPN,16,aufrufen,False,False,False,False,True,False,False,False,False,False,False,False,False,False,False,False,False,True,True,False,False,False,False,False,False,False,False,False,True,False,False,False,True,False,True,False,False,False,False,False,False,,,,,,,,,,,,None,None,None,None,None,für,None,None,None,haSchechitah,None,Schlachtbank,None,None,None,None,None,None,False,True,False,False,False,False,False,True,False,False,True,False,False,False,False,False,False,True,True,False,False,False,Nom,Masc,Sing,3,Prs,False,False,False,False,False,False,False,False,False,False,,,,,,,,,,None,None,None,None,None,None,None,None,None,None,False,False,False,False,False,False,False,False,0,er,nmod,acl,13,er,PRON,True,False,False,False,True,False,False,False,False,False,False,False,False,False,False,True,False,False,False,False,False,False,False,True,False,False,False,False,True,False,False,True,False,False,False,False,,Int,,,,Acc,Masc,Sing,,,,,,None,worin,None,None,None,None,üben,None,None,Himmel,None,None,None,None,False,False,True,False,False,True,False,True,False,False,False,True,True,False,False,False,False,False,False,True,False,False,False,,1.0,54.0
14,17,"['Bitte', 'mit', 'Taxi', 'kommen', ',', 'wenn', 'ihr', 'den', 'Original', '""', 'Italienischen', 'Wein', 'genießen', 'wollt', '!']",UD_German-GSD,sV,train-s532,,,,,Inf,False,False,False,True,False,False,False,False,True,True,False,False,True,False,,,Sing,3,Pres,Acc,Masc,Sing,,,,,,None,None,None,wollen,None,None,None,None,wenn,Wein,None,None,",",None,False,False,False,True,False,True,False,True,False,True,True,False,advcl,1.0,genießen,root,appos,VERB,13,genießen,False,False,False,False,False,False,False,False,False,False,True,False,False,False,False,False,False,False,False,False,False,False,True,False,False,False,False,False,False,False,False,False,False,False,False,False,False,True,False,False,True,,,,,,,,,,Dat,Masc,None,None,None,None,None,None,None,None,None,None,None,None,None,None,Taxi,None,None,!,False,False,False,False,False,True,False,False,True,False,False,False,True,True,False,False,False,False,False,False,False,False,Dat,Fem,Sing,3,Prs,False,False,False,False,False,False,False,False,False,False,,,,,,,,,,None,None,None,None,None,None,None,None,None,None,False,False,False,False,False,False,False,False,0,ihr,appos,advcl,7,sie,PRON,False,False,False,True,True,False,False,True,False,False,False,False,True,False,False,False,False,False,False,False,False,False,False,False,False,True,False,False,False,False,True,True,False,False,True,False,,,Sing,3,Pres,Acc,Masc,Sing,,,,,,None,None,None,wollen,None,None,None,None,wenn,Wein,None,None,",",None,False,False,False,True,False,True,False,True,False,True,True,False,False,False,True,True,False,False,False,False,False,False,False,,,
15,20,"['Red', 'Lips', 'war', 'von', 'mehreren', 'Käufern', 'wieder', 'an', 'seinen', 'ursprünglichen', 'Besitzer', 'zurückgegeben', 'worden', ',', 'weil', 'er', 'sich', 'als', 'undressierbar', 'erwiesen', 'hatte', '.']",UD_German-GSD,sV,train-s3738,,,,,Part,False,False,False,True,False,False,False,False,True,False,False,False,True,True,,,Sing,3,Past,,,,,,,,,None,None,None,haben,None,None,None,None,weil,None,None,None,",",als,False,True,False,True,False,False,False,True,False,True,True,False,advcl,1.0,erwiesen,,root,VERB,20,erweisen,True,False,True,False,False,False,False,False,True,False,True,True,False,False,False,True,False,False,False,False,False,False,True,True,False,False,True,True,False,False,False,False,False,False,False,True,False,True,True,False,True,,Part,,,,,Masc,,,Acc,Masc,wieder,None,None,sein,werden,None,None,None,None,None,None,None,Lips,None,Besitzer,Käufer,None,.,False,False,True,True,False,True,False,True,True,False,False,False,True,False,False,False,False,False,False,False,False,False,Nom,Masc,Sing,3,Prs,False,False,False,False,False,False,False,False,False,False,,,,,,,,,,None,None,None,None,None,None,None,None,None,None,False,False,False,False,False,False,False,False,0,er,root,advcl,16,er,PRON,False,False,False,True,False,False,False,True,True,False,False,False,True,False,False,False,False,False,False,False,False,False,False,False,False,True,False,False,False,False,True,False,False,False,True,True,,,Sing,3,Past,,,,,,,,,None,None,None,haben,None,None,None,None,weil,None,None,None,",",als,False,True,False,True,False,False,False,True,False,True,True,False,False,False,True,False,False,False,False,False,False,False,False,,,
16,21,"['Diese', 'Melodie', 'entstand', 'aus', 'einem', 'weltlichen', 'Lied', ',', 'das', 'der', 'Melodie', 'Monica', 'ähnelt', ',', 'die', 'in', 'Europa', 'von', 'dem', '16', '.']",UD_German-GSD,sV,train-s3981,sv,Sing,3,Past,Fin,False,False,False,False,False,False,False,False,False,False,True,False,False,False,,,,,,,,,,,Dat,Neut,Sing,None,None,None,None,None,None,None,None,None,None,Lied,None,None,None,False,False,False,False,False,True,False,False,False,False,False,False,root,,entstand,,,,3,entstehen,,,,,,,,,,,,,,,,,,,,,,,,,,,,,,,,,,,,,,,,,,,,,,,,,,,,,,,,,,,,,,,,,,,,,,,,,,,,,,,,,False,False,False,False,False,False,False,False,False,False,False,False,Nom,Fem,Sing,,,False,False,False,False,False,False,True,False,False,False,,,,,Nom,Fem,Sing,Dem,,None,None,None,None,None,None,dieser,None,None,None,False,False,True,False,False,False,False,False,0,Melodie,,root,2,Melodie,NOUN,False,False,False,False,False,False,False,False,False,False,False,False,False,False,False,False,False,False,True,False,False,False,False,False,False,False,False,False,False,False,False,False,True,False,False,False,,,,,,,,,,,Dat,Neut,Sing,None,None,None,None,None,None,None,None,None,None,Lied,None,None,None,False,False,False,False,False,True,False,False,False,False,False,False,False,False,False,False,False,False,False,False,False,False,False,,2.0,3.0
17,21,"['Diese', 'Melodie', 'entstand', 'aus', 'einem', 'weltlichen', 'Lied', ',', 'das', 'der', 'Melodie', 'Monica', 'ähnelt', ',', 'die', 'in', 'Europa', 'von', 'dem', '16', '.']",UD_German-GSD,sV,train-s3981,sv,Sing,3,Pres,Fin,False,False,False,False,False,False,False,False,False,False,False,True,True,False,,,,,,,,,,Fem,,,,None,None,None,None,None,None,None,None,None,None,None,Melodie,",",None,False,False,False,False,False,True,False,True,False,True,False,False,acl:relcl,1.0,ähnelt,root,obl,NOUN,13,ähneln,False,True,False,False,True,True,False,False,False,False,False,False,False,False,False,False,False,False,False,False,False,False,False,False,True,False,False,False,True,True,False,False,False,False,False,False,False,False,False,False,False,Dat,,Dat,Neut,Sing,Art,,,,,,None,weltlich,None,None,None,aus,ein,None,None,None,None,None,None,None,None,None,None,None,True,True,False,False,True,False,False,False,False,False,False,True,False,False,False,False,False,False,False,False,True,False,Acc,Neut,Sing,,"Dem,Rel",False,False,False,False,False,False,False,False,False,False,,,,,,,,,,None,None,None,None,None,None,None,None,None,None,False,False,False,False,False,False,False,False,0,das,obl,acl:relcl,9,der,PRON,False,False,False,False,False,False,True,True,False,False,False,False,False,False,False,False,False,False,False,False,False,False,False,False,False,False,False,False,False,False,False,False,False,True,True,False,,,,,,,,,,Fem,,,,None,None,None,None,None,None,None,None,None,None,None,Melodie,",",None,False,False,False,False,False,True,False,True,False,True,False,False,False,True,False,False,False,False,False,False,False,True,False,,2.0,3.0
18,22,"['Viele', 'Rodenbacher', ',', 'die', 'keinen', 'eigenen', 'Landwirtschaftsbetrieb', 'besaßen', ',', 'fuhren', 'zu', 'der', 'Arbeit', 'in', 'neu', 'entstandene', 'Industriebetriebe', 'nach', 'Haiger', ',', 'auch', 'die', '1915', 'eingeweihte', 'Bahnlinie', 'Haiger', '-', 'Siegen', 'ermöglichte', 'eine', 'bessere', 'Verbindung', 'zu', 'den', 'industriellen', 'Standorten', 'in', 'dem', 'Siegerland', 'mit', 'seinen', 'Bergwerken', 'und', 'Hüttenbetrieben', '.']",UD_German-GSD,sV,train-s9044,sv,Plur,3,Past,Fin,False,False,False,False,False,False,True,False,False,False,True,False,True,False,,,,,,,,,,,Dat,Neut,Sing,None,None,None,None,None,None,ermöglichen,None,None,None,Arbeit,None,.,None,False,False,False,False,False,True,False,False,True,True,False,True,root,,fuhren,,,,10,fahren,,,,,,,,,,,,,,,,,,,,,,,,,,,,,,,,,,,,,,,,,,,,,,,,,,,,,,,,,,,,,,,,,,,,,,,,,,,,,,,,,False,False,False,False,False,False,False,False,False,False,False,False,Nom,Masc,Plur,,,True,False,False,False,False,False,True,False,False,True,Fin,,,,Nom,Masc,Plur,Ind,,besitzen,None,None,None,None,None,viel,None,None,",",False,False,True,False,False,False,True,True,0,Rodenbacher,,root,2,Rodenbacher,NOUN,False,False,False,False,False,False,False,False,False,False,False,False,False,False,False,True,False,False,True,False,True,False,False,False,False,False,False,False,True,False,False,False,True,False,True,False,,,,,,,,,,,Dat,Neut,Sing,None,None,None,None,None,None,ermöglichen,None,None,None,Arbeit,None,.,None,False,False,False,False,False,True,False,False,True,True,False,True,False,False,False,False,False,False,False,False,False,False,False,,2.0,10.0
19,22,"['Viele', 'Rodenbacher', ',', 'die', 'keinen', 'eigenen', 'Landwirtschaftsbetrieb', 'besaßen', ',', 'fuhren', 'zu', 'der', 'Arbeit', 'in', 'neu', 'entstandene', 'Industriebetriebe', 'nach', 'Haiger', ',', 'auch', 'die', '1915', 'eingeweihte', 'Bahnlinie', 'Haiger', '-', 'Siegen', 'ermöglichte', 'eine', 'bessere', 'Verbindung', 'zu', 'den', 'industriellen', 'Standorten', 'in', 'dem', 'Siegerland', 'mit', 'seinen', 'Bergwerken', 'und', 'Hüttenbetrieben', '.']",UD_German-GSD,sV,train-s9044,sv,Plur,3,Past,Fin,False,False,False,False,False,False,False,False,False,True,False,False,True,False,,,,,,Acc,Masc,Sing,,,,,,None,None,None,None,None,None,None,None,None,Landwirtschaftsbetrieb,None,None,",",None,False,False,False,False,False,True,False,True,False,True,False,False,acl:relcl,1.0,besaßen,root,nsubj,NOUN,8,besitzen,False,False,False,False,False,True,False,False,False,False,False,False,False,False,False,False,False,False,False,False,False,False,True,False,False,False,False,False,False,True,False,False,False,False,False,False,False,False,False,False,True,,,Nom,Masc,Plur,Ind,,,,,,None,None,None,None,None,None,viel,None,None,None,None,None,None,None,None,None,None,",",False,False,False,False,True,False,False,False,True,False,False,True,False,False,False,False,False,False,True,False,False,False,Nom,,Plur,,"Dem,Rel",False,False,False,False,False,False,False,False,False,False,,,,,,,,,,None,None,None,None,None,None,None,None,None,None,False,False,False,False,False,False,False,False,0,die,nsubj,acl:relcl,4,der,PRON,False,False,False,False,True,False,False,True,False,False,False,False,False,False,False,False,False,False,False,False,False,False,False,False,False,False,False,False,False,False,False,True,False,False,True,False,,,,,,Acc,Masc,Sing,,,,,,None,None,None,None,None,None,None,None,None,Landwirtschaftsbetrieb,None,None,",",None,False,False,False,False,False,True,False,True,False,True,False,False,False,True,False,False,False,False,False,False,False,False,False,,2.0,10.0
20,22,"['Viele', 'Rodenbacher', ',', 'die', 'keinen', 'eigenen', 'Landwirtschaftsbetrieb', 'besaßen', ',', 'fuhren', 'zu', 'der', 'Arbeit', 'in', 'neu', 'entstandene', 'Industriebetriebe', 'nach', 'Haiger', ',', 'auch', 'die', '1915', 'eingeweihte', 'Bahnlinie', 'Haiger', '-', 'Siegen', 'ermöglichte', 'eine', 'bessere', 'Verbindung', 'zu', 'den', 'industriellen', 'Standorten', 'in', 'dem', 'Siegerland', 'mit', 'seinen', 'Bergwerken', 'und', 'Hüttenbetrieben', '.']",UD_German-GSD,sV,train-s9044,sv,Sing,3,Past,Fin,False,False,False,False,False,False,False,False,False,True,False,False,True,False,,,,,,Acc,Fem,Sing,,,,,,None,None,None,None,None,None,None,None,None,Verbindung,None,None,",",None,False,False,False,False,False,True,False,False,False,True,False,False,conj,1.0,ermöglichte,,root,VERB,29,ermöglichen,False,False,False,False,False,False,False,False,False,False,False,False,False,False,False,False,False,False,False,False,True,False,True,False,False,False,False,False,False,False,False,False,False,False,False,False,False,True,False,False,True,,,,,,,,,,Dat,Neut,None,None,None,None,None,None,None,None,None,None,None,None,None,None,Arbeit,None,None,.,False,False,False,False,False,True,False,True,True,False,False,False,False,False,False,False,True,False,False,False,False,False,Nom,Fem,Sing,,,False,True,True,True,False,False,True,False,False,False,,Nom,Fem,Sing,Acc,Fem,Sing,Art,,None,auch,eingeweiht,Haiger,None,None,der,None,None,None,True,True,True,False,False,True,False,False,0,Bahnlinie,root,conj,25,Bahnlinie,NOUN,False,False,False,False,False,False,False,True,False,False,False,False,False,False,False,False,False,True,False,False,False,False,False,False,False,False,False,False,False,False,False,True,False,False,True,False,,,,,,Acc,Fem,Sing,,,,,,None,None,None,None,None,None,None,None,None,Verbindung,None,None,",",None,False,False,False,False,False,True,False,False,False,True,False,False,False,False,False,False,False,False,True,False,False,False,False,,2.0,10.0
21,23,"['Der', 'Profibasketball', 'kehrte', 'erst', 'wieder', 'nach', 'Florida', 'in', 'dem', 'Jahre', '1977', 'zurück', ',', 'als', 'die', 'Miami', 'Heat', 'begannen', ',', 'in', 'der', 'NBA', 'zu', 'spielen', '.']",UD_German-GSD,sV,train-s10728,sv,Sing,3,Past,Fin,True,True,False,False,False,True,False,False,False,False,True,False,True,False,Fin,,,,,,,,,,Dat,Neut,Sing,beginnen,erst,None,None,None,zurück,None,None,None,None,Florida,None,.,None,False,False,True,False,False,True,False,False,True,True,False,True,root,,kehrte,,,,3,kehren,,,,,,,,,,,,,,,,,,,,,,,,,,,,,,,,,,,,,,,,,,,,,,,,,,,,,,,,,,,,,,,,,,,,,,,,,,,,,,,,,False,False,False,False,False,False,False,False,False,False,False,False,Nom,Masc,Sing,,,False,False,False,False,False,False,True,False,False,False,,,,,Nom,Masc,Sing,Art,,None,None,None,None,None,None,der,None,None,None,False,False,True,False,False,False,False,False,0,Profibasketball,,root,2,Profibasketball,NOUN,False,False,False,False,False,False,False,False,False,True,True,False,False,False,True,False,False,False,True,False,True,False,True,True,False,False,False,True,False,False,False,False,True,False,True,False,Fin,,,,,,,,,,Dat,Neut,Sing,beginnen,erst,None,None,None,zurück,None,None,None,None,Florida,None,.,None,False,False,True,False,False,True,False,False,True,True,False,True,False,False,False,False,False,False,False,False,False,False,False,,2.0,3.0
22,26,"['In', 'diesem', 'Gebäude', 'sind', 'heute', 'Schulleitung', 'und', 'Verwaltung', 'untergebracht', ',', 'daneben', 'befinden', 'sich', 'dort', 'das', 'Lehrerzimmer', ',', 'Sprechzimmer', ',', 'Bibliotheken', 'und', 'vier', 'Kursräume', 'für', 'die', 'Oberstufe', '.']",UD_German-GSD,Vs,train-s3384,,Plur,3,Pres,Fin,False,True,False,False,False,False,False,True,False,False,False,False,True,False,,,,,,,,,,,,,,None,daneben,None,None,None,None,None,sich,None,None,None,None,",",None,False,False,True,False,False,True,False,True,False,True,False,False,conj,1.0,befinden,,root,VERB,12,befinden,True,False,False,True,False,False,False,False,True,False,True,False,False,False,False,False,False,False,False,False,False,False,True,True,False,False,False,True,False,False,False,False,False,False,False,True,False,True,False,False,True,,Fin,,,,,Fem,,,Dat,Neut,heute,None,None,None,sein,None,None,None,None,None,None,None,Schulleitung,None,Gebäude,None,None,.,False,False,True,True,False,True,False,False,True,False,False,False,False,False,False,False,True,False,False,False,False,False,Acc,Neut,Sing,,,False,False,False,False,False,True,True,False,False,False,,,,,Acc,Neut,Sing,Art,,None,None,None,None,None,Sprechzimmer,der,None,None,None,False,False,True,True,False,False,False,False,1,Lehrerzimmer,root,conj,16,Lehrerzimmer,NOUN,True,False,False,False,False,False,False,True,False,False,True,False,False,False,False,False,True,False,False,False,False,False,False,True,False,False,False,False,False,True,False,False,False,False,True,False,,,,,,,,,,,,,,None,daneben,None,None,None,None,None,sich,None,None,None,None,",",None,False,False,True,False,False,True,False,True,False,True,False,False,False,False,False,False,False,False,True,False,False,False,False,,,
23,29,"['Manche', 'Spielaktionen', 'müssen', 'in', 'einem', 'Zeitlimit', 'erfolgen', '.']",UD_German-GSD,sV,train-s12450,sv,,,,Inf,False,False,False,True,False,False,False,False,False,False,True,False,True,False,,,Plur,3,Pres,,,,,,Dat,Neut,Sing,None,None,None,müssen,None,None,None,None,None,None,Zeitlimit,None,.,None,False,False,False,True,False,True,False,False,False,True,False,False,root,,erfolgen,,,,7,erfolgen,,,,,,,,,,,,,,,,,,,,,,,,,,,,,,,,,,,,,,,,,,,,,,,,,,,,,,,,,,,,,,,,,,,,,,,,,,,,,,,,,False,False,False,False,False,False,False,False,False,False,False,False,Nom,Fem,Plur,,,False,False,False,False,False,False,True,False,False,False,,,,,Nom,Fem,Plur,Ind,,None,None,None,None,None,None,mancher,None,None,None,False,False,True,False,False,False,False,False,0,Spielaktionen,,root,2,Spielaktion,NOUN,False,True,False,False,False,True,False,False,False,False,False,False,False,False,False,False,False,False,False,False,True,False,False,False,False,True,False,False,False,False,False,False,True,False,True,False,,,Plur,3,Pres,,,,,,Dat,Neut,Sing,None,None,None,müssen,None,None,None,None,None,None,Zeitlimit,None,.,None,False,False,False,True,False,True,False,False,False,True,False,False,False,False,False,False,False,False,False,False,False,False,False,,2.0,7.0
24,30,"['Da', 'jeder', 'Bahnhof', 'einen', 'Zugabfertiger', 'hatte', 'und', 'das', 'Abfahrtsignal', 'von', 'dem', 'Fahrersitz', 'erkennbar', 'war', ',', 'konnten', 'die', 'Aus', '-', 'und', 'Einstiegszeiten', 'sehr', 'kurz', 'gehalten', 'werden', '.']",UD_German-GSD,sV,train-s9721,,Sing,3,Past,Fin,False,False,False,False,False,False,True,False,True,True,False,False,False,False,,,,,,Acc,Masc,Sing,,,,,,None,None,None,None,None,None,erkennbar,None,da,Zugabfertiger,None,None,None,None,True,False,False,False,False,True,False,False,False,False,True,False,advcl,0.0,hatte,root,xcomp,ADJ,6,haben,False,False,False,False,False,False,False,False,False,False,False,False,False,False,False,False,False,False,False,False,False,False,False,False,False,False,False,False,False,False,False,False,False,False,False,False,False,False,False,False,False,,,,,,,,,,,,None,None,None,None,None,None,None,None,None,None,None,None,None,None,None,None,None,None,False,False,False,False,False,False,False,False,False,False,False,False,True,False,False,False,False,False,False,False,False,True,Nom,Masc,Sing,,,False,False,False,False,False,False,True,False,False,False,,,,,Nom,Masc,Sing,Tot,,None,None,None,None,None,None,jeder,None,None,None,False,False,True,False,False,False,False,False,0,Bahnhof,xcomp,advcl,3,Bahnhof,NOUN,False,False,False,True,True,False,False,False,False,False,False,False,False,False,False,True,False,False,False,False,False,False,False,False,False,False,False,False,True,False,True,True,False,False,False,False,,,,,,Acc,Masc,Sing,,,,,,None,None,None,None,None,None,erkennbar,None,da,Zugabfertiger,None,None,None,None,True,False,False,False,False,True,False,False,False,False,True,False,False,False,True,False,False,False,False,False,False,False,True,,,
25,31,"['Für', 'die', 'Nationalmannschaft', 'erzielte', 'er', '29', 'Tore', 'in', '100', 'Länderspielen', '.']",UD_German-GSD,Vs,train-s7525,vso,Sing,3,Past,Fin,False,False,False,False,False,False,False,False,False,True,True,False,True,False,,,,,,Acc,Neut,Plur,,,Dat,Neut,Plur,None,None,None,None,None,None,None,None,None,Tor,Nationalmannschaft,None,.,None,False,False,False,False,False,True,False,True,False,True,False,False,root,,erzielte,,,,4,erzielen,,,,,,,,,,,,,,,,,,,,,,,,,,,,,,,,,,,,,,,,,,,,,,,,,,,,,,,,,,,,,,,,,,,,,,,,,,,,,,,,,False,False,False,False,False,False,False,False,False,False,False,False,Nom,Masc,Sing,3,Prs,False,False,False,False,False,False,False,False,False,False,,,,,,,,,,None,None,None,None,None,None,None,None,None,None,False,False,False,False,False,False,False,False,1,er,,root,5,er,PRON,False,False,False,False,False,True,False,False,False,False,False,False,False,False,False,False,False,True,True,False,True,False,False,False,False,False,False,False,False,False,False,True,True,False,True,False,,,,,,Acc,Neut,Plur,,,Dat,Neut,Plur,None,None,None,None,None,None,None,None,None,Tor,Nationalmannschaft,None,.,None,False,False,False,False,False,True,False,True,False,True,False,False,False,False,False,False,False,False,False,False,False,False,False,7.0,5.0,4.0
26,32,"['Die', 'runden', 'Gerölle', 'bestehen', 'zu', 'dem', 'Großteil', 'aus', 'kristallinen', 'Gesteinen', 'wie', 'Granit', ',', 'Gneis', 'und', 'Quarze', '.']",UD_German-GSD,sV,train-s3768,sv,Plur,3,Pres,Fin,False,False,False,False,False,False,False,False,False,False,True,False,True,False,,,,,,,,,,,Dat,Neut,Plur,None,None,None,None,None,None,None,None,None,None,Großteil,None,.,None,False,False,False,False,False,True,False,False,False,True,False,False,root,,bestehen,,,,4,bestehen,,,,,,,,,,,,,,,,,,,,,,,,,,,,,,,,,,,,,,,,,,,,,,,,,,,,,,,,,,,,,,,,,,,,,,,,,,,,,,,,,False,False,False,False,False,False,False,False,False,False,False,False,Nom,Masc,Plur,,,False,False,True,False,False,False,True,False,False,False,,Nom,Masc,Plur,Nom,,Plur,Art,,None,None,rund,None,None,None,der,None,None,None,True,False,True,False,False,False,False,False,0,Gerölle,,root,3,Gerölle,NOUN,False,False,False,False,False,False,False,False,False,False,False,False,False,False,False,False,False,False,True,False,True,False,False,False,False,False,False,False,False,False,False,False,True,False,True,False,,,,,,,,,,,Dat,Neut,Plur,None,None,None,None,None,None,None,None,None,None,Großteil,None,.,None,False,False,False,False,False,True,False,False,False,True,False,False,False,False,False,False,False,False,False,False,False,False,False,,3.0,4.0
27,34,"['Er', 'studierte', 'schon', 'in', 'dem', 'ersten', 'Semester', 'Kunstgeschichte', 'bei', 'August', 'Liebmann', 'Mayer', 'und', 'Paul', 'Frankl', ',', 'daneben', 'nahm', 'er', 'an', 'Übungen', 'in', 'Germanistik', ',', 'Philosophie', ',', 'Geschichte', ',', 'Griechischer', 'Kunstgeschichte', ',', 'Staats', '-', 'und', 'Staatsrechtslehre', 'sowie', 'Politik', 'teil', '.']",UD_German-GSD,sV,train-s10504,svo,Sing,3,Past,Fin,False,True,False,False,False,False,True,False,False,True,True,False,True,False,,,,,,Acc,Fem,Sing,,,Dat,Masc,Sing,None,schon,None,None,None,None,nehmen,None,None,Kunstgeschichte,Semester,None,.,None,False,False,True,False,False,True,False,True,False,True,False,True,root,,studierte,,,,2,studieren,,,,,,,,,,,,,,,,,,,,,,,,,,,,,,,,,,,,,,,,,,,,,,,,,,,,,,,,,,,,,,,,,,,,,,,,,,,,,,,,,False,False,False,False,False,False,False,False,False,False,False,False,Nom,Masc,Sing,3,Prs,False,False,False,False,False,False,False,False,False,False,,,,,,,,,,None,None,None,None,None,None,None,None,None,None,False,False,False,False,False,False,False,False,0,Er,,root,1,er,PRON,False,False,False,False,False,False,False,False,False,False,True,False,False,False,False,True,False,True,True,False,True,False,False,True,False,False,False,False,True,False,False,True,True,False,True,False,,,,,,Acc,Fem,Sing,,,Dat,Masc,Sing,None,schon,None,None,None,None,nehmen,None,None,Kunstgeschichte,Semester,None,.,None,False,False,True,False,False,True,False,True,False,True,False,True,False,False,False,False,False,False,False,False,False,False,False,8.0,1.0,2.0
28,34,"['Er', 'studierte', 'schon', 'in', 'dem', 'ersten', 'Semester', 'Kunstgeschichte', 'bei', 'August', 'Liebmann', 'Mayer', 'und', 'Paul', 'Frankl', ',', 'daneben', 'nahm', 'er', 'an', 'Übungen', 'in', 'Germanistik', ',', 'Philosophie', ',', 'Geschichte', ',', 'Griechischer', 'Kunstgeschichte', ',', 'Staats', '-', 'und', 'Staatsrechtslehre', 'sowie', 'Politik', 'teil', '.']",UD_German-GSD,Vs,train-s10504,svo,Sing,3,Past,Fin,False,True,False,False,False,True,False,False,False,False,True,False,True,False,,,,,,,,,,,Dat,Fem,Sing,None,daneben,None,None,None,teil,None,None,None,None,Übung,None,",",None,False,False,True,False,False,True,False,True,False,True,False,False,conj,1.0,nahm,,root,VERB,18,nehmen,False,False,False,False,False,False,False,False,False,False,False,False,False,True,False,False,False,False,False,True,True,False,True,True,False,False,False,False,False,False,False,False,False,False,False,False,True,True,False,False,True,,,,,,,,Fem,,Dat,Masc,schon,None,None,None,None,None,None,None,None,None,None,None,None,Kunstgeschichte,Semester,None,None,.,False,False,True,False,False,True,True,False,True,False,False,False,False,False,False,False,True,False,False,False,False,False,Nom,Masc,Sing,3,Prs,False,False,False,False,False,False,False,False,False,False,,,,,,,,,,None,None,None,None,None,None,None,None,None,None,False,False,False,False,False,False,False,False,1,er,root,conj,19,er,PRON,True,False,False,False,False,False,False,True,False,False,False,False,False,False,True,False,False,False,True,False,False,False,False,True,False,False,False,True,False,False,False,False,True,False,True,False,,,,,,,,,,,Dat,Fem,Sing,None,daneben,None,None,None,teil,None,None,None,None,Übung,None,",",None,False,False,True,False,False,True,False,True,False,True,False,False,False,False,False,False,False,False,True,False,False,False,False,8.0,1.0,2.0
29,35,"['Nicole', 'Hilbig', 'arbeitete', 'zuerst', 'als', 'Bühnenbildnerin', 'in', 'Los', 'Angeles', ',', 'bevor', 'sie', 'ihre', 'Karriere', 'bei', 'dem', 'Erotik', '-', 'Wrestling', 'und', 'Tabledance', 'begann', '.']",UD_German-GSD,sV,train-s4836,sv,Sing,3,Past,Fin,False,False,False,False,False,False,False,False,True,True,True,False,True,False,,,,,,Acc,Fem,Sing,,,Dat,Masc,Sing,None,None,None,None,None,None,None,None,bevor,Karriere,Erotik,None,",",None,False,False,False,False,False,True,False,True,True,True,True,False,advcl,1.0,begann,,root,VERB,22,beginnen,False,False,False,False,False,False,False,False,False,False,False,False,False,True,False,False,False,False,False,False,True,False,True,True,False,False,False,False,False,False,False,False,False,False,False,False,False,True,False,False,True,,,,,,,,,,Dat,Neut,zuerst,None,None,None,None,None,None,None,None,None,None,None,None,None,Bühnenbildnerin,None,None,.,False,False,True,False,False,True,False,True,True,False,False,False,True,False,False,False,False,False,False,False,False,False,Nom,Fem,Sing,3,Prs,False,False,False,False,False,False,False,False,False,False,,,,,,,,,,None,None,None,None,None,None,None,None,None,None,False,False,False,False,False,False,False,False,0,sie,root,advcl,12,sie,PRON,False,False,False,True,True,True,False,True,False,False,False,False,False,False,False,False,False,False,False,False,False,False,False,False,False,False,False,False,False,False,True,True,True,False,True,False,,,,,,Acc,Fem,Sing,,,Dat,Masc,Sing,None,None,None,None,None,None,None,None,bevor,Karriere,Erotik,None,",",None,False,False,False,False,False,True,False,True,True,True,True,False,False,False,True,False,False,False,False,False,False,False,False,,1.0,3.0
30,36,"['So', 'eben', 'war', 'ich', 'das', 'erste', 'mal', 'in', 'der', 'Praxis', 'bei', 'Frau', 'Doktor', 'Luger', '.']",UD_German-GSD,Vs,dev-s216,vs,Sing,1,Past,Fin,False,True,False,False,False,False,False,False,False,False,True,False,True,False,,,,,,,,,,,Dat,Fem,Sing,None,eben,None,None,None,None,None,None,None,None,mal,None,.,None,False,False,True,False,False,True,False,True,False,True,False,False,root,,war,,,,3,sein,,,,,,,,,,,,,,,,,,,,,,,,,,,,,,,,,,,,,,,,,,,,,,,,,,,,,,,,,,,,,,,,,,,,,,,,,,,,,,,,,False,False,False,False,False,False,False,False,False,False,False,False,Nom,,Sing,1,Prs,False,False,False,False,False,False,False,False,False,False,,,,,,,,,,None,None,None,None,None,None,None,None,None,None,False,False,False,False,False,False,False,False,1,ich,,root,4,ich,PRON,True,False,False,False,False,False,False,False,False,False,False,False,False,False,False,False,False,False,True,False,True,False,False,True,False,False,False,False,False,False,False,False,True,False,True,False,,,,,,,,,,,Dat,Fem,Sing,None,eben,None,None,None,None,None,None,None,None,mal,None,.,None,False,False,True,False,False,True,False,True,False,True,False,False,False,False,False,False,False,False,False,False,False,False,False,,4.0,3.0
31,37,"['Mehrere', 'große', 'Gesellschaften', 'heben', 'zu', 'dem', 'Jahreswechsel', 'die', 'Beiträge', 'in', 'den', 'Vollkosten', '-', 'Tarifen', 'an', '--', 'allerdings', 'etwas', 'moderater', 'als', 'in', 'der', 'Vergangenheit', '.']",UD_German-GSD,sV,test-s425,svo,Plur,3,Pres,Fin,False,False,True,False,True,True,False,False,False,True,True,False,True,False,,,,,,Acc,Masc,Plur,,,Dat,Masc,Sing,None,None,moderat,None,allerdings,an,None,None,None,Beitrag,Jahreswechsel,None,--,None,True,True,False,False,True,True,False,False,False,True,False,False,root,,heben,,,,4,heben,,,,,,,,,,,,,,,,,,,,,,,,,,,,,,,,,,,,,,,,,,,,,,,,,,,,,,,,,,,,,,,,,,,,,,,,,,,,,,,,,False,False,False,False,False,False,False,False,False,False,False,False,Nom,Fem,Plur,,,False,False,True,False,False,False,False,False,False,False,,Nom,Fem,Plur,,,,,,None,None,groß,None,None,None,None,None,None,None,True,False,False,False,False,False,False,False,0,Gesellschaften,,root,3,Gesellschaft,NOUN,False,False,False,False,False,False,False,False,False,False,False,True,False,True,True,False,False,True,True,False,True,False,False,False,True,False,True,True,False,False,False,True,True,False,True,False,,,,,,Acc,Masc,Plur,,,Dat,Masc,Sing,None,None,moderat,None,allerdings,an,None,None,None,Beitrag,Jahreswechsel,None,--,None,True,True,False,False,True,True,False,False,False,True,False,False,False,False,False,False,False,False,False,False,False,False,False,9.0,3.0,4.0
32,38,"['Ich', 'versuchte', ',', 'Sie', 'darüber', 'aufzuklären', ',', 'dass', 'ich', 'keine', 'Kontaktlinsenberatung', 'wünschte', ',', 'sondern', 'eine', 'Untersuchung', 'meiner', 'Augen', 'auf', 'Gegenanzeigen', ',', 'Hinderungsgründe', 'und', 'evtl', '.', 'bereits', 'aufgetretene', 'Schäden', '.']",UD_German-GSD,sV,train-s110,sv,Sing,1,Past,Fin,False,False,False,False,False,False,False,False,False,False,False,False,True,True,,,,,,,,,,,,,,None,None,None,None,None,None,None,None,None,None,None,None,.,aufklären,False,False,False,False,False,False,False,True,False,True,False,True,root,,versuchte,,,,2,versuchen,,,,,,,,,,,,,,,,,,,,,,,,,,,,,,,,,,,,,,,,,,,,,,,,,,,,,,,,,,,,,,,,,,,,,,,,,,,,,,,,,False,False,False,False,False,False,False,False,False,False,False,False,Nom,,Sing,1,Prs,False,False,False,False,False,False,False,False,False,False,,,,,,,,,,None,None,None,None,None,None,None,None,None,None,False,False,False,False,False,False,False,False,0,Ich,,root,1,ich,PRON,False,False,False,False,False,False,False,False,False,False,False,False,False,False,False,False,False,False,False,False,True,True,False,False,False,False,False,False,False,False,False,False,False,False,True,True,,,,,,,,,,,,,,None,None,None,None,None,None,None,None,None,None,None,None,.,aufklären,False,False,False,False,False,False,False,True,False,True,False,True,False,False,False,False,False,False,False,False,False,False,False,,1.0,2.0
33,38,"['Ich', 'versuchte', ',', 'Sie', 'darüber', 'aufzuklären', ',', 'dass', 'ich', 'keine', 'Kontaktlinsenberatung', 'wünschte', ',', 'sondern', 'eine', 'Untersuchung', 'meiner', 'Augen', 'auf', 'Gegenanzeigen', ',', 'Hinderungsgründe', 'und', 'evtl', '.', 'bereits', 'aufgetretene', 'Schäden', '.']",UD_German-GSD,sV,train-s110,sv,Sing,1,Past,Fin,False,False,False,False,False,False,True,False,True,True,False,False,True,False,,,,,,Acc,Fem,Sing,,,,,,None,None,None,None,None,None,Untersuchung,None,dass,Kontaktlinsenberatung,None,None,",",None,False,False,False,False,False,True,False,True,False,True,True,False,ccomp,1.0,wünschte,root,xcomp,VERB,12,wünschen,True,False,False,False,False,False,False,False,False,True,False,False,True,False,False,False,False,False,False,False,False,False,False,True,False,False,False,False,False,False,False,False,False,False,False,False,True,False,False,False,True,,,,,,,,,2,,,darüber,None,None,None,None,None,None,None,None,None,None,None,None,Sie,None,None,None,",",False,False,True,False,False,False,True,False,True,False,False,False,False,False,True,False,False,False,False,False,False,True,Nom,,Sing,1,Prs,False,False,False,False,False,False,False,False,False,False,,,,,,,,,,None,None,None,None,None,None,None,None,None,None,False,False,False,False,False,False,False,False,0,ich,xcomp,ccomp,9,ich,PRON,False,False,False,True,True,False,False,True,False,False,False,False,False,False,False,True,False,False,False,False,False,False,False,False,False,False,False,False,True,False,True,True,False,False,True,False,,,,,,Acc,Fem,Sing,,,,,,None,None,None,None,None,None,Untersuchung,None,dass,Kontaktlinsenberatung,None,None,",",None,False,False,False,False,False,True,False,True,False,True,True,False,False,False,False,False,True,False,False,False,False,False,True,,1.0,2.0
34,40,"['Allerdings', 'kam', 'ich', 'auch', 'mit', 'einem', 'von', 'einer', 'Katze', 'gebissenem', 'Nymphensittich', 'zu', 'ihm', '.']",UD_German-GSD,Vs,dev-s157,vs,Sing,1,Past,Fin,False,True,False,False,False,False,False,False,False,False,True,False,True,False,,,,,,,,,,,Dat,Masc,Sing,None,allerdings,None,None,None,None,None,None,None,None,Nymphensittich,None,.,None,False,False,True,False,False,True,False,True,False,True,False,False,root,,kam,,,,2,kommen,,,,,,,,,,,,,,,,,,,,,,,,,,,,,,,,,,,,,,,,,,,,,,,,,,,,,,,,,,,,,,,,,,,,,,,,,,,,,,,,,False,False,False,False,False,False,False,False,False,False,False,False,Nom,,Sing,1,Prs,False,False,False,False,False,False,False,False,False,False,,,,,,,,,,None,None,None,None,None,None,None,None,None,None,False,False,False,False,False,False,False,False,1,ich,,root,3,ich,PRON,True,False,False,False,False,False,False,False,False,False,True,False,False,False,False,False,False,False,True,False,True,False,False,True,False,False,False,False,False,False,False,False,True,False,True,False,,,,,,,,,,,Dat,Masc,Sing,None,allerdings,None,None,None,None,None,None,None,None,Nymphensittich,None,.,None,False,False,True,False,False,True,False,True,False,True,False,False,False,False,False,False,False,False,False,False,False,False,False,,3.0,2.0
35,41,"['Da', 'jedoch', 'Fahrzeuge', 'fehlten', 'und', 'die', 'Umorganisierung', 'der', 'Einheiten', 'eine', 'lange', 'Zeit', 'dauerte', ',', 'musste', 'der', 'geplante', 'Angriff', 'vorerst', 'verschoben', 'werden', '.']",UD_German-GSD,sV,train-s2706,,Plur,3,Past,Fin,False,True,False,False,False,False,True,False,True,False,False,False,True,False,,,,,,,,,,,,,,None,jedoch,None,None,None,None,dauern,None,da,None,None,None,",",None,False,False,True,False,False,True,False,False,False,True,True,True,advcl,0.0,fehlten,,root,VERB,4,fehlen,True,False,True,False,False,False,False,False,True,False,False,False,False,False,False,True,False,False,False,False,False,False,True,True,False,False,True,True,False,False,False,False,False,False,False,True,False,False,False,False,True,,Inf,,,,,Masc,,,,,vorerst,None,None,müssen,werden,None,None,None,None,None,None,None,Angriff,None,None,None,None,.,False,False,True,True,False,True,False,False,True,False,False,False,True,False,False,False,False,False,False,False,False,False,Nom,Neut,Plur,,,False,False,False,False,False,False,False,False,False,False,,,,,,,,,,None,None,None,None,None,None,None,None,None,None,False,False,False,False,False,False,False,False,0,Fahrzeuge,root,advcl,3,Fahrzeug,NOUN,True,False,False,True,False,False,False,False,False,False,False,False,False,False,False,True,False,False,False,False,True,False,False,True,False,False,False,False,True,False,True,False,False,False,True,False,,,,,,,,,,,,,,None,jedoch,None,None,None,None,dauern,None,da,None,None,None,",",None,False,False,True,False,False,True,False,False,False,True,True,True,False,False,True,False,False,False,False,False,False,False,False,,,
36,41,"['Da', 'jedoch', 'Fahrzeuge', 'fehlten', 'und', 'die', 'Umorganisierung', 'der', 'Einheiten', 'eine', 'lange', 'Zeit', 'dauerte', ',', 'musste', 'der', 'geplante', 'Angriff', 'vorerst', 'verschoben', 'werden', '.']",UD_German-GSD,sV,train-s2706,,Sing,3,Past,Fin,False,False,False,False,True,False,False,False,False,False,True,False,False,False,,,,,,,,,,,Acc,Fem,Sing,None,None,None,None,und,None,None,None,None,None,Zeit,None,None,None,False,False,False,False,True,True,False,False,False,False,False,False,conj,1.0,dauerte,root,advcl,VERB,13,dauern,True,False,False,False,False,False,False,True,False,False,False,False,False,False,False,False,False,False,False,False,False,False,True,True,False,False,False,False,False,False,False,False,False,True,False,False,False,False,False,False,True,,,,,,,,,,,,jedoch,None,None,None,None,None,None,None,None,None,da,None,None,None,None,None,None,",",False,False,True,False,False,True,False,False,True,True,False,False,True,False,False,False,True,False,False,False,False,False,Acc,Fem,Sing,,,False,False,False,False,False,False,True,True,False,False,,,,,Nom,Fem,Sing,Art,Plur,None,None,None,None,None,None,der,Einheit,None,None,False,False,True,True,False,False,False,False,0,Umorganisierung,advcl,conj,7,Umorganisierung,NOUN,False,False,True,False,False,True,False,False,False,False,False,False,False,False,False,False,False,False,False,False,False,False,False,False,False,False,True,False,False,False,False,False,True,False,False,False,,,,,,,,,,,Acc,Fem,Sing,None,None,None,None,und,None,None,None,None,None,Zeit,None,None,None,False,False,False,False,True,True,False,False,False,False,False,False,False,False,True,False,False,False,True,False,False,False,False,,,
37,42,"['Die', 'Partei', 'legt', 'besonderen', 'Nachdruck', 'auf', 'eine', 'Wiederannäherung', 'mit', 'den', 'Zypern', '-', 'Türken', '.']",UD_German-GSD,sV,train-s12398,svo,Sing,3,Pres,Fin,False,False,False,False,False,False,False,False,False,True,True,False,True,False,,,,,,Acc,Masc,Sing,,,Acc,Fem,Sing,None,None,None,None,None,None,None,None,None,Nachdruck,Wiederannäherung,None,.,None,False,False,False,False,False,True,False,False,False,True,False,False,root,,legt,,,,3,legen,,,,,,,,,,,,,,,,,,,,,,,,,,,,,,,,,,,,,,,,,,,,,,,,,,,,,,,,,,,,,,,,,,,,,,,,,,,,,,,,,False,False,False,False,False,False,False,False,False,False,False,False,Nom,Fem,Sing,,,False,False,False,False,False,False,True,False,False,False,,,,,Nom,Fem,Sing,Art,,None,None,None,None,None,None,der,None,None,None,False,False,True,False,False,False,False,False,0,Partei,,root,2,Partei,NOUN,False,False,False,False,False,False,False,False,False,False,False,False,False,False,False,False,False,True,True,False,True,False,False,False,False,False,False,False,False,False,False,True,True,False,True,False,,,,,,Acc,Masc,Sing,,,Acc,Fem,Sing,None,None,None,None,None,None,None,None,None,Nachdruck,Wiederannäherung,None,.,None,False,False,False,False,False,True,False,False,False,True,False,False,False,False,False,False,False,False,False,False,False,False,False,5.0,2.0,3.0
38,44,"['Viele', 'bekannte', 'Feinmechaniker', 'lernten', 'bei', 'Hildebrand', '.']",UD_German-GSD,sV,train-s6052,sv,Plur,3,Past,Fin,False,False,False,False,False,False,False,False,False,False,True,False,True,False,,,,,,,,,,,Dat,,Sing,None,None,None,None,None,None,None,None,None,None,Hildebrand,None,.,None,False,False,False,False,False,True,False,False,True,True,False,False,root,,lernten,,,,4,lernen,,,,,,,,,,,,,,,,,,,,,,,,,,,,,,,,,,,,,,,,,,,,,,,,,,,,,,,,,,,,,,,,,,,,,,,,,,,,,,,,,False,False,False,False,False,False,False,False,False,False,False,False,Nom,Masc,Plur,,,False,False,True,False,False,False,True,False,False,False,,Nom,Masc,Plur,Nom,Masc,Plur,Ind,,None,None,bekannt,None,None,None,viel,None,None,None,True,False,True,False,False,False,False,False,0,Feinmechaniker,,root,3,Feinmechaniker,NOUN,False,False,False,False,False,False,False,False,False,False,False,False,False,False,False,False,False,False,True,False,True,False,False,False,False,False,False,False,False,False,False,False,True,False,True,False,,,,,,,,,,,Dat,,Sing,None,None,None,None,None,None,None,None,None,None,Hildebrand,None,.,None,False,False,False,False,False,True,False,False,True,True,False,False,False,False,False,False,False,False,False,False,False,False,False,,3.0,4.0
39,46,"['Von', 'der', 'mittelalterlichen', 'Vorgängerkirche', 'blieb', 'der', 'quer', 'zu', 'dem', 'Kirchenschiff', 'auf', 'rechteckigem', 'Grundriss', 'stehende', 'Turm', 'erhalten', '.']",UD_German-GSD,Vs,train-s2632,vs,Sing,3,Past,Fin,False,False,False,False,False,False,False,False,False,False,False,False,False,True,,,,,,,,,,,,,,None,None,None,None,None,None,None,None,None,None,None,None,None,erhalten,True,False,False,False,False,True,False,False,False,False,False,False,root,,blieb,,,,5,bleiben,,,,,,,,,,,,,,,,,,,,,,,,,,,,,,,,,,,,,,,,,,,,,,,,,,,,,,,,,,,,,,,,,,,,,,,,,,,,,,,,,False,False,False,False,False,False,False,False,False,False,False,False,Acc,Masc,Sing,,,False,False,True,False,False,False,True,False,False,False,,Acc,Neut,Sing,Nom,Masc,Sing,Art,,None,None,stehend,None,None,None,der,None,None,None,True,False,True,False,False,False,False,False,1,Turm,,root,15,Turm,NOUN,False,False,False,False,False,False,False,False,False,False,False,False,False,False,False,False,False,False,False,False,False,True,False,False,False,False,False,False,False,False,False,False,False,False,False,True,,,,,,,,,,,,,,None,None,None,None,None,None,None,None,None,None,None,None,None,erhalten,True,False,False,False,False,True,False,False,False,False,False,False,False,False,False,False,False,False,False,False,False,False,False,,15.0,5.0
40,49,"['In', 'dem', 'Auftrag', 'der', 'B.', 'Braun', 'Stiftung', 'hat', 'er', 'dafür', 'das', 'seit', '2006', 'alle', '2', 'Jahre', 'von', 'dieser', 'ausgeschriebene', 'Mentoringprogramm', 'entwickelt', '.']",UD_German-GSD,sV,train-s5987,sov,,,,Part,False,True,False,True,False,False,False,False,False,True,True,False,True,False,,Dem,Sing,3,Pres,Dat,Fem,Sing,,,Dat,Masc,Sing,None,dafür,None,haben,None,None,None,None,None,Mentoringprogramm,Auftrag,None,.,None,False,False,True,True,False,True,False,True,False,True,False,False,root,,entwickelt,,,,21,entwickeln,,,,,,,,,,,,,,,,,,,,,,,,,,,,,,,,,,,,,,,,,,,,,,,,,,,,,,,,,,,,,,,,,,,,,,,,,,,,,,,,,False,False,False,False,False,False,False,False,False,False,False,False,Nom,Masc,Sing,3,Prs,False,False,False,False,False,False,False,False,False,False,,,,,,,,,,None,None,None,None,None,None,None,None,None,None,False,False,False,False,False,False,False,False,0,er,,root,9,er,PRON,True,True,False,False,True,True,False,False,False,False,False,False,False,False,False,False,False,False,False,False,True,False,False,True,False,True,False,False,False,False,False,True,True,False,True,False,,Dem,Sing,3,Pres,Dat,Fem,Sing,,,Dat,Masc,Sing,None,dafür,None,haben,None,None,None,None,None,Mentoringprogramm,Auftrag,None,.,None,False,False,True,True,False,True,False,True,False,True,False,False,False,False,False,False,False,False,False,False,False,False,False,20.0,9.0,21.0
